category,name,name,thickness,height,width,price,packing_unit,trader,description,use_for_food
document_property,document,instance,instance,document,document,instance,instance,instance_property,instance,instance
string,string,string,string,string,string,string,string,string,string,string
ボール,JETエース,W,,1100,800,57,,河原紙業,,1
ボール,JETエース,W,#8,1100,800,65,,河原紙業,,1
ボール,OKボール,,#7,1100,800,43.4,,河原紙業,,
ボール,OKボール,,#8,1100,800,49,,河原紙業,,
ボール,サンダイヤ,,#7,1100,800,51,,河原紙業,,
ボール,京王 特白ボール,,#8,1100,800,66.5,,河原紙業,,
ボール,スーパー兼六ボール,N,#11,1100,800,65,,河原紙業,,
ボール,スーパー兼六ボール,N,#13,1120,820,80,,河原紙業,,
ボール,スーパー兼六ボール,N,#15,1120,820,93,,河原紙業,,
ボール,スーパー兼六ボール,N,#17,940,640,70,,河原紙業,,
ボール,スーパー兼六ボール,N,#17,1100,800,104,,河原紙業,,
ボール,DDボール,,#20,1120,820,133,,河原紙業,,
ボール,DDボール,,#22,1120,820,146,,河原紙業,,
ボール,DDボール,,#26,1100,800,200,,河原紙業,,
ボール,両面白龍,A,#11,820,730,　,,河原紙業,,
ボール,両面白龍,A,#13,820,730,60,,河原紙業,,
ボール,両面白龍,A,#13,1120,820,92,,河原紙業,,
ボール,NEW DV,,#12,1100,800,88,,河原紙業,,
ボール,コートボール,,#6,1100,800,39.4,,河原紙業,,
ボール,コートボール,,,1100,800,43.5,,河原紙業,,
ボール,コートボール,,,1100,800,49,,河原紙業,,
ボール,両黒,,#6,1100,800,76.6,100,河原紙業,,
ボール,片黒,,,1100,800,71,100,河原紙業,,
ボール,大和黒ボール（片黒）,,#8,1100,800,92.75,50,河原紙業,,
ボール,大和両面黒ボール,,#8,1100,800,97.3,50,河原紙業,,
ボール,加賀CCボール,N,#30,1100,800,180.84,20,河原紙業,,
ボール,加賀CCボール,N,#32,1100,800,193.17,20,河原紙業,,
ボール,加賀CCボール,N,#34,1100,800,204.815,20,河原紙業,,
ボール,加賀CCボール,N,#36,1100,800,217.145,10,河原紙業,,
ボール,両面白龍,A,,1100,800,71.5,,旭洋紙パルプ,,
ボール,　No.2102,赤金,,1100,800,144,100,川島商事,,
ボール,No.2315,食品シルバー,,1100,790,,50,,,
ボール,N0.2316,食品ゴールド,,1100,790,142,50,川島商事,,
ボール,No.2317,食品レッド,,1100,790,142,,川島商事,,
ボール,N0.2318,食品ブラック,,1100,790,142,50,川島商事,,
ボール,No.2302,消ゴールド,,1100,800,145,100,川島商事,,
ボール,No.2014,銀ナシ地,,1100,800,137,,川島商事,,
ボール,No.2604,ウールボール黒,,1100,800,450,,,,
ボール,No.2820,耐水耐油,,1100,800,106,100,,,
ボール,N0.2571,木目/銀,,1100,800,149,100,川島商事,,
ボール,N0.2819,食品剥離シート,,1100,800,,100,川島商事,,
ボール,耐油ボール,,,1100,800,84.4,100,川島商事,,
ボール,食品金ボール,,,1100,800,140,,河原紙業,,1
ボール,No.4511,両白,#11,1100,800,65,,旭洋紙パルプ,,
ボール,No0.4512,両白,#13,1100,800,72,,旭洋紙パルプ,,
ボール,No0.4513,両白,#20,1100,800,106,,旭洋紙パルプ,,
ボール,No0.4514,両白,#22,1100,800,117,,旭洋紙パルプ,,
ボール,Newタフアイボリー,,<28>,1100,800,53.76,,河原紙業,,1
ボール,Newタフアイボリー,,<32.5>,1100,800,68.16,,河原紙業,,1
ボール,N-三菱耐水,,#6-2,1100,800,,100,河原紙業,,
ボール,N-三菱耐水,,#5-2,1100,800,,100,河原紙業,,
ボール,ケンランうぐいす,,,1091,788,148,50,川島商事,,
ボール,OK ACカード,うす鼡,<309>,1091,788,165,50,川島商事,,
ボール,彩美カード,白,<355>,1091,788,147,50,川島商事,,
ボール,塩ビシート,,,1091,788,177,,,,
ボール,黄ボール,,#9,,,51.35,,河原紙業,,
ボール,黄ボール,,#17,1100,800,100,,河原紙業,,
ボール,黄ボール,,#24,1100,800,162,,河原紙業,,
ボール,黄ボール,,#28,1100,800,185,,河原紙業,,
ボール,黄ボール,,#32,820,730,163.4,,河原紙業,,
ボール,両ネズボール,,#15,1100,800,82.48,25,河原紙業,,
ボール,両ネズボール,,#17,1100,800,96,25,河原紙業,,
ボール,加賀,片黒ボール,#13,1100,800,140,50,河原紙業,,
ボール,加賀,片黒ボール,#15,1100,800,161.7,25,河原紙業,,
ボール,加賀,黄板,#11,1100,800,61.6,,,,
ボール,DKブラック,,,1100,800,210,50,河原紙業,,
ボール,加賀クラフト,,#8,1100,800,56,50,河原紙業,,
ボール,KO特白,,,,,66.5,50,河原紙業,,
貼紙,スター　,No.3001,,1100,800,40,250,川島商事,,
貼紙,スター　,No.3009,,1100,788,108,500,川島商事,湯の花リゾート 翠泉　500枚 ⇒105円、1000枚⇒102円,
貼紙,スター　,No.3014,,1100,788,130,100,,,
貼紙,スター　,No.3015,,,,125,100,川島商事,,
貼紙,スター　,No.3022,,,,114,100,川島商事,,
貼紙,スター　,No.3032,,1091,788,121,,,,
貼紙,スター　,No.3034,,1091,788,46,200,,,
貼紙,スター　,No.3037,,1091,788,65,200,,,
貼紙,スター　,No.3038,,1091,788,65,200,,バラ：＠112,
貼紙,スター　,No.3057,,1080,800,128,100,,,
貼紙,スター　,No.3110,,1091,788,156,,,,
貼紙,スター　,No.3201,,1091,788,,,,,
貼紙,スター　,No.3302,,1080,800,156,100,,,
貼紙,スター　,"No,3303",,1091,788,156,,,,
貼紙,スター　,No.3317,,1091,788,183,,,,
貼紙,スター　,No.3319,,1080,800,145,100,,,
貼紙,スター　,No.3330,,1080,800,,100,,,
貼紙,スター　,No.3502,,1080,800,198,100,,,
貼紙,スター　,No.3522,,1080,800,190,100,,H27.4廃版,
貼紙,スター　,No.3523,,1080,800,190,100,,,
貼紙,スター　,No.4104,,1091,788,,,,,
貼紙,スター　,No.4105,,1091,788,79,200,,,
貼紙,スター　,No.4207,,1091,788,,,,,
貼紙,スター　,No.4208,,1091,788,105,,,,
貼紙,スター　,No.4213,,,,,200,,,
貼紙,スター　,No.4214,,1091,788,93,,,,
貼紙,スター　,No.4362,,1091,788,81,,,十三や工房　106　無理矢理,
貼紙,スター　,No.4363,,1091,788,73,,,,
貼紙,スター　,No.4303,,1091,788,54,250,,ベルクール黒<70kg>　別注品の為、存続,
貼紙,スター　,No.4434,,1100,800,185,100,,越の紙No.1389,
貼紙,スター　,No.4482,,,,180,,,,
貼紙,スター　,No.4517,,1091,788,109,,,,
貼紙,スター　,No.4522,,1091,788,142,,,,
貼紙,スター　,No.4525,,1091,788,132,100,,,
貼紙,スター　,No.4526,,1091,788,125,,,,
貼紙,スター　,No.4528,,1091,788,158,100,,,
貼紙,スター　,No.4539,,1091,788,127,100,,,
貼紙,スター　,No.4560,,1091,788,68,100,,,
貼紙,スター　,No.4561,,1091,788,68,,,,
貼紙,スター　,No.4600,,1091,788,21,250,,,
貼紙,スター　,No.4601,,1091,788,23,250,,,
貼紙,スター　,No.4664,,1091,788,58,100,,,
貼紙,スター　,No.4670,,939,636,23,,,菊判,
貼紙,スター　,No.4670,,1091,788,,500,,四六判,
貼紙,スター　,No.4806,,1091,788,151,,,,
貼紙,スター　,No.4814,,1091,788,93,100,,,
貼紙,スター　,No.4816,,1091,788,142,100,,,
貼紙,スター　,No.4817,,1091,788,93,,,,
貼紙,スター　,No.4822,,1091,788,138,100,,,
貼紙,スター　,No.4823,,1091,788,138,100,,,
貼紙,スター　,No.4824,,1091,788,235,100,,,
貼紙,スター　,No.4853,,1091,788,125,,,,
貼紙,スター　,No.4901,,,,112,100,,,
貼紙,スター　,No.4907,,1091,788,97,,,,
貼紙,スター　,No.4909,,1091,788,83,100,,,
貼紙,スター　,No.4910,,1100,800,79,100,,カステラハウスの帯の紙（500〜1000枚は74円）,
貼紙,スター　,No.5052,,,,54,,,,
貼紙,スター　,No.5055,,,,54,,,,
貼紙,スター　,No.5057,,1091,788,54,,,,
貼紙,スター　,No.5058,,1091,788,67,,,,
貼紙,スター　,No.5085,,1091,788,122,100,,,
貼紙,スター　,No.5101,,1091,788,151,,,,
貼紙,スター　,No.5102,,1091,788,151,100,,,
貼紙,スター　,No.5109,,1091,788,169,100,,,
貼紙,スター　,No.5172,,1091,788,112,100,,,
貼紙,スター　,No.5503,,1091,788,56,250,,,
貼紙,スター　,No.5505,,1091,788,84,100,,,
貼紙,スター　,No.5506,,1091,788,84,100,,,
貼紙,スター　,No.5507,,1091,788,84,100,,,
貼紙,スター　,No.5508,,1091,788,84,100,,,
貼紙,スター　,No.5512,,1091,788,94,100,,,
貼紙,スター　,No.5513,,1091,788,94,100,,クリーム大礼,
貼紙,スター　,No.5514,,1091,788,127,100,,,
貼紙,スター　,No.5522,,1091,788,105,,,,
貼紙,スター　,No.5543,,1091,788,142,,,,
貼紙,スター　,No.5563,,1091,788,195,100,,,
貼紙,スター　,No.5572,,,,171,100,,,
貼紙,スター　,No.6001,,1091,788,64,,,,
貼紙,スター　,No.6036,,1091,788,97,100,,,
貼紙,スター　,No.6504,,1091,788,66,,,,
貼紙,スター　,No.6090,,1091,788,70,,,勝藤屋　宮脇,
貼紙,スター　,No.6603,,1091,788,142,,,,
貼紙,スター　,No.6605,,1091,788,140,,,,
貼紙,スター　,No.6606,,1091,788,140,,,,
貼紙,スター　,No.6704（桐）,,1091,788,75,,,,
貼紙,スター　,No.6710,,,,85,100,,,
貼紙,スター　,No.6719（木目）,,1091,788,,,,,
貼紙,スター　,No.6760,,1091,788,95,,,,
貼紙,スター　,No.6761,,,,95,,,,
貼紙,スター　,No.6800,,1091,788,290,,,,
貼紙,スター　,No.6804,,1100,800,290,100,,,
貼紙,スター　,No.7014,,1091,788,199,,,,
貼紙,スター　,No.7231,,1091,788,135,100,,,
貼紙,スター　,No.7283,,1091,788,,100,,,
貼紙,スター　,No.7330,,,,155,100,,,
貼紙,スター　,No.7314,,1091,788,92,,,,
貼紙,スター　,No.7503,,1100,800,108,100,,,
貼紙,スター　,No.7506,,1100,800,108,100,,,
貼紙,スター　,No.7513,,,,116,,,,
貼紙,スター　,No.7525,,1091,788,107,,,,
貼紙,スター　,No.7530,,1091,788,110,100,,松寿堂様　「うちわシルク用」,
貼紙,スター　,No.7535,,1091,788,110,100,,,
貼紙,スター　,No.7541,,1091,788,113,100,,,
貼紙,スター　,No.7543,,1091,788,113,100,,,
貼紙,スター　,No.7544,,1091,788,113,100,,,
貼紙,スター　,No.7563,,1091,788,111,100,,,
貼紙,スター　,No.7570,,1091,788,111,100,,,
貼紙,スター　,No.7573,,1091,788,111,,,,
貼紙,スター　,No.7602,,1091,788,126,,,,
貼紙,スター　,No.7700,,1091,788,116,100,,,
貼紙,スター　,No.7702,,1091,788,172,100,,,
貼紙,スター　,No.7718,,1091,788,187,100,,,
貼紙,スター　,No.7728,,1091,788,180,,,,
貼紙,スター　,No.7735,,1091,788,187,100,,,
貼紙,スター　,新7902,,1100,950,109,100,,,
貼紙,スター　,新7906,,1091,788,107,100,,,
貼紙,スター　,No.7907,,1091,788,123,100,,,
貼紙,スター　,No.8007,,,,153,,,,
貼紙,スター　,No.8011,,,,130,,,,
貼紙,スター　,No.3546（旧）,,,,210,100,,,
貼紙,岡本,No.14,,1091,788,97,,岡本,バラ　@127,
貼紙,岡本,No.41,,1091,788,38,,,,
貼紙,岡本,No.52,,1091,788,48,,,,
貼紙,岡本,No.57,,,,42,,,,
貼紙,岡本,No.71,,1091,788,37,250,,,
貼紙,岡本,No.86,,1091,788,40,250,,,
貼紙,岡本,No.100,,1091,788,,,,,
貼紙,岡本,No.101,,1091,788,140,100,,,
貼紙,岡本,No.109,,1091,788,,,,,
貼紙,岡本,No.119,,1091,788,48,,,,
貼紙,岡本,No.110,,1091,788,,,,,
貼紙,岡本,No.121,,1091,788,,250,,,
貼紙,岡本,No.125,,1091,788,53,,,端数　69円,
貼紙,岡本,No.139,,1091,788,45,,,金銀砂子,
貼紙,岡本,No.153,,1091,788,64,,,,
貼紙,岡本,No.167,,1091,788,60,,,,
貼紙,岡本,No.171,,1091,788,60,,,,
貼紙,岡本,No.178,,1091,788,70,,,,
貼紙,岡本,No.179,,1091,788,70,,,,
貼紙,岡本,No.188,,1091,788,54,,,,
貼紙,岡本,No.200,,1091,788,90,200,,,
貼紙,岡本,No.213,,1120,815,95,250,,よ志おか　みかんの箱の紙,
貼紙,岡本,No.227,,1091,788,127,,,,
貼紙,岡本,No.233,,1091,788,133,,,端数　173,
貼紙,岡本,No.248,,1091,788,92,,,,
貼紙,岡本,No.252,,1091,788,178,100,,,
貼紙,岡本,No.253,,1091,788,178,100,,,
貼紙,岡本,No.254,,1091,788,178,100,,,
貼紙,岡本,No.269,,1091,788,,100,,,
貼紙,岡本,No.282,,1091,788,97,,,ケーホーソー　川上,
貼紙,岡本,No.294,,1091,788,148,200,,,
貼紙,岡本,No.333,,1091,788,73,,,,
貼紙,岡本,No.347,,1091,788,88,100,,端数114円,
貼紙,岡本,No.361,,1091,788,90,,,バラ　@117,
貼紙,岡本,No.392,,1091,788,130,,,端数　169円,
貼紙,岡本,No.393,,1091,788,130,,,,
貼紙,岡本,No.408,,1091,788,130,200,岡本,,
貼紙,岡本,No.420,,1091,788,140,200,,,
貼紙,岡本,No.421,,1091,788,140,200,,,
貼紙,岡本,No.436,,1091,788,165,,,端数　215円,
貼紙,岡本,No.442,,1091,788,165,,,バラ　@215,
貼紙,岡本,No.444,,1091,788,165,,,,
貼紙,岡本,No.449,,1091,788,260,,,端数　312円,
貼紙,岡本,No.516,,1091,788,,,,,
貼紙,岡本,No.541,,1091,788,,,,,
貼紙,岡本,No.583,,1091,788,,,,,
貼紙,岡本友禅紙,No.3001,,,,270,100,岡本,端数　300円,
貼紙,岡本友禅紙,No.3002,,,,270,100,岡本,端数　300円,
貼紙,岡本友禅紙,No.3263,,,,270,100,岡本,端数　300円,
貼紙,岡本友禅紙,No.3287,,,,270,100,岡本,端数　300円,
貼紙,岡本友禅紙,No.3395,,,,270,100,岡本,端数　300円,
貼紙,岡本友禅紙,No.3438,,,,270,100,岡本,端数　300円,
貼紙,岡本友禅紙,No.3439,,,,270,100,岡本,端数　300円,
貼紙,岡本友禅紙,No.3525,,,,270,100,岡本,端数　300円,
貼紙,岡本友禅紙,No.3824,,,,270,100,岡本,端数　300円,
貼紙,ミリオン,No.604,,,,135,100,岡本,,
貼紙,ミリオン,BM-21,,1091,788,85,100,岡本,,
貼紙,ミリオン,Wm-140,,1091,788,95,,岡本,,
貼紙,コクサイ,No.4000,,1758,955,,50,川島商事,三つ折り包装,
貼紙,コクサイ,No.4008,,1758,955,150,50,川島商事,三つ折り包装,
貼紙,コクサイ,No.4302,,1758,955,,50,川島商事,三つ折り包装,
貼紙,コクサイ,No.612,,1100,950,113,100,川島商事,,
貼紙,コクサイ,No.500３,,1091,788,117,100,川島商事,,
貼紙,コクサイ,No.5004,,1091,788,117,100,川島商事,,
貼紙,コクサイ,No.3463,,,,140,100,,バラ　@182 ＋運賃@700,
貼紙,コクサイ,No.4124,,1758,955,198,50,川島商事,バラ不可　三つ折り包装,
貼紙,コクサイ,No.8101,,1091,788,111,200,川島商事,勝藤屋　重箱式（黒）,
貼紙,コクサイ,No.9007,,1091,788,145,100,川島商事,,
貼紙,キング,5904,,,,145,100,岡本,（ハト印104）リプランター貼り紙、取り寄せに２〜３日,
貼紙,キング,5913,,,,145,100,岡本,,
貼紙,キング,6210,,,,72,,岡本,,
貼紙,キング,6211,,,,72,,岡本,,
貼紙,キング,6262,,,,125,,岡本,,
貼紙,キング,6575,,1100,950,120,,岡本,,
貼紙,キング,6351,,1813,909,202,50,川島商事,中村美術工芸さん　内貼　金砂子,
貼紙,昭和,103,,1091,788,74,250,川島商事,末富さん　金砂子,
貼紙,昭和,No.33,,1100,800,80,250,川島商事,バラ時、取り寄せ運賃+1000円,
貼紙,タント,N-52,,1091,788,45,,岡本,,
貼紙,タント,B-13,,1091,788,37,,岡本,,
貼紙,タント,P-62,,1091,788,37,,岡本,,
貼紙,タント,P-72,,1091,788,37,,岡本,,
貼紙,タント,G-63,,1091,788,47.5,200,川島商事,,
貼紙,タント,G-64,,1091,788,37,,岡本,,
貼紙,タント,D-55,,1091,788,45,,岡本,,
貼紙,タント,Y-12,,1091,788,37,,岡本,,
貼紙,タント,Y-5,,1091,788,37,,岡本,,
貼紙,タント,Y-6,,1091,788,37,,岡本,,
貼紙,タント,G-68,,1091,788,37,,岡本,,
貼紙,タント,G-69,,1091,788,37,,岡本,,
貼紙,タント,L-67,,1091,788,37,,岡本,,
貼紙,タント,L-68,,1091,788,37,,岡本,,
貼紙,タント,L-69,,1091,788,37,,岡本,,
貼紙,タント,N-8,,1091,788,37,200,岡本,,
貼紙,タント,N-67,,1091,788,45,200,岡本,,
貼紙,タント,,,1091,788,,,岡本,,
貼紙,タント,N-73,,1091,788,45,,岡本,,
貼紙,タント,R-10,,1091,788,40,,岡本,,
貼紙,タント,L-62,,1091,788,37,,岡本,,
貼紙,タント,E-53,,1091,788,37,,岡本,,
貼紙,タント,V-62,,1091,788,61,,川島商事,,
貼紙,タント,P-64,,1091,788,37,,岡本,,
貼紙,タント,R-4,,1091,788,37,,岡本,,
貼紙,タント,D-61,,1091,788,40,,岡本,,
貼紙,タント,O-61,,1091,788,37,,岡本,,
貼紙,タント,N-3,,1091,788,40,,岡本,,
貼紙,タント,N-55,,1091,788,40,,岡本,,
貼紙,タント,P-67,,1091,788,37,,岡本,,
貼紙,タント,H-64,,1091,788,45,,岡本,,
貼紙,タント,L-59,,1091,788,37,,岡本,,
貼紙,タント,N-53,,1091,788,45,,岡本,,
貼紙,タント,O-56,,1091,788,37,,岡本,,
貼紙,タント,N-1,,1091,788,45,,岡本,,
貼紙,タント,S-5,,1091,788,37,,岡本,,
貼紙,タント,D-58,,1091,788,40,,岡本,,
貼紙,タント,H-70,,1091,788,45,,岡本,,
貼紙,タント,H-50,,1091,788,45,,岡本,,
貼紙,タント,S-3,,1091,788,40,,岡本,,
貼紙,タント,G-72,,1091,788,37,,岡本,,
貼紙,タント,N-57,,1091,788,40,,岡本,,
貼紙,タント,S-2,,1091,788,45,,岡本,,
貼紙,タント,D-52,,1091,788,45,,岡本,,
貼紙,タント,N-72,,1091,788,45,,岡本,,
貼紙,タント,L-51,,1091,788,,,,,
貼紙,タント,V-52,,1091,788,61,,川島商事,,
貼紙,タント,H-72,,1091,788,,200,川島商事,,
貼紙,タント,N-65,,1091,788,,200,川島商事,,
貼紙,タント,N-50,,,,59,200,川島商事,丸鳩ノートの見返し,
貼紙,タント,N-58,,,,59,200,川島商事,丸鳩ノートの見返し,
貼紙,タント,N-59,,,,59,200,川島商事,丸鳩ノートの見返し,
貼紙,タント,N-61,,,,59,200,川島商事,丸鳩ノートの見返し,
貼紙,タント,N-67,,,,67,200,川島商事,丸鳩ノートの見返し,
貼紙,タント,L-61,,,,55,200,川島商事,丸鳩ノートの見返し,
貼紙,タント,L-66,,,,55,200,川島商事,丸鳩ノートの見返し,
貼紙,まんだら,ときいろ,薄口,1091,788,57,,岡本,,
貼紙,まんだら,たばこ,薄口,1091,788,57,,岡本,,
貼紙,まんだら,ひわちゃ,薄口,1091,788,63,,岡本,,
貼紙,まんだら,みずはなだ,薄口,1091,788,60,,岡本,,
貼紙,まんだら,うすみず,薄口,1091,788,60,,岡本,,
貼紙,まんだら,まそら,薄口,1091,788,60,,岡本,,
貼紙,まんだら,かめのぞき,薄口,1091,788,60,,岡本,,
貼紙,まんだら,おおふじ,薄口,1091,788,60,,岡本,,
貼紙,まんだら,にっけい,薄口,1091,788,57,,岡本,,
貼紙,まんだら,ぎんしゅ,薄口,1091,788,57,,岡本,,
貼紙,まんだら,うめねず,薄口,1091,788,56,,岡本,,
貼紙,まんだら,べんがら,薄口,1091,788,64,,岡本,,
貼紙,まんだら,かきしぶ,薄口,1091,788,63,,川島商事,,
貼紙,まんだら,あさむらさき,薄口,1091,788,57,,川島商事,,
貼紙,まんだら,ろこうちゃ,薄口,1091,788,69,,川島商事,,
貼紙,まんだら,くちば,薄口,1091,788,69,,川島商事,,
貼紙,まんだら,すおう,薄口,1091,788,63,,川島商事,,
貼紙,まんだら,うぐいすちゃ,薄口,1091,788,57,,川島商事,,
貼紙,まんだら,ときわ,薄口,1091,788,69,,川島商事,,
貼紙,まんだら,ちぐさねず,薄口,1091,788,57,,川島商事,,
貼紙,まんだら,たであい,薄口,1091,788,57,,川島商事,,
貼紙,まんだら,なでしこ,薄口,1091,788,,,川島商事,,
貼紙,まんだら,とき,薄口,1091,788,,,川島商事,,
貼紙,まんだら,じゅんぱく,,,,62,200,川島商事,,
貼紙,色上質,ピンク,,1091,788,22,,,,
貼紙,色上質,白茶（大王）,中厚口,1091,788,16,,川島商事,,
貼紙,色上質,水色,,1091,788,22,,岡本,,
貼紙,色上質,しらおい,,1091,788,12,,岡本,,
貼紙,色上質,銀ねず（大王）,中厚口,1091,788,16,,川島商事,,
貼紙,色上質,ピュアピンク（日本）,中厚口,1091,788,16,,川島商事,,
貼紙,色上質,空色,中厚口,1091,788,16,,川島商事,,
貼紙,色上質,オレンジ（紀州）,中厚口,1091,788,18,,川島商事,,
貼紙,色上質,山吹（紀州）,中厚口,1091,788,19,250,川島,,
貼紙,色上質,黒,,1091,788,35,,岡本,,
貼紙,色上質,黒　四六,最厚口,1091,788,44.9,100,,,
貼紙,色上質,黒　A判,最厚口,,,28.8,200,,,
貼紙,色上質,黒　四六,超厚口,1091,788,67.4,100,,,
貼紙,色上質,黒　A判,超厚口,,,43,100,,,
貼紙,大礼紙,白,,1091,788,40,,岡本,,
貼紙,大礼紙,クリーム,,1091,788,42,,,,
貼紙,大礼紙,こいみどり,,1091,788,,,,,
貼紙,大礼紙,白茶,,1091,788,,,,,
貼紙,大礼紙,茶,,1091,788,75,,岡本,,
貼紙,大礼紙,水色,,1091,788,,,,,
貼紙,新だん紙,あい,,1091,788,,,川島商事,,
貼紙,新だん紙,えんじ,,1091,788,65,,岡本,,
貼紙,新だん紙,コイ松葉,,1091,788,98,,岡本,,
貼紙,新だん紙,白,,,,47,200,川島商事,,
貼紙,NTラシャ　,シルバー,,1091,788,66,,川島商事,,
貼紙,NTラシャ　,くち葉,,1091,788,80,,川島商事,,
貼紙,NTラシャ　,白,,1091,788,66,,川島商事,,
貼紙,NTラシャ,白,,939,636,,,川島商事,,
貼紙,NTラシャ　,スノーホワイト,,1091,788,66,,川島商事,,
貼紙,NTラシャ　,灰鼡,,1091,788,66,,,,
貼紙,NTラシャ　,ベージュ,,1091,788,66,,,,
貼紙,NTラシャ　,にぶ桃,,1091,788,66,,,,
貼紙,NTラシャ　,ラベンダー,,1091,788,66,,,,
貼紙,NTラシャ　,梅鼡,,1091,788,71,,,,
貼紙,NTラシャ　,るり,,1091,788,79,,,,
貼紙,NTラシャ　,べに,,1091,788,84,,,,
貼紙,NTラシャ　,うすあさぎ,,1091,788,,200,川島商事,,
貼紙,NTほそおりGA,空,,1091,788,,200,川島商事,,
貼紙,NTほそおりGA,桜,,1091,788,73,200,川島商事,,
貼紙,NTほそおりGA,うすねず,,1091,788,73,200,川島商事,,
貼紙,NTほそおりGA,しもねずみ,,1091,788,,200,川島商事,,
貼紙,NTラシャ,はなだ,,,,66,,川島商事,丸鳩ノートの見返し,
貼紙,NTラシャ,もえぎ,,,,71,,川島商事,丸鳩ノートの見返し,
貼紙,NTラシャ,ぼたん,,,,71,,川島商事,丸鳩ノートの見返し,
貼紙,NTラシャ,あい,,,,72,,川島商事,丸鳩ノートの見返し,
貼紙,NTラシャ,小染,,,,66,,川島商事,丸鳩ノートの見返し,
貼紙,里紙,すみ,,1091,788,65,,川島商事,,
貼紙,里紙,稲,,1091,788,59,,川島商事,,
貼紙,里紙,こうぞ,,1091,788,53,,川島商事,,
貼紙,里紙,竹,,1091,788,59,,川島商事,,
貼紙,里紙,しょうぶ,,1091,788,53,,川島商事,,
貼紙,里紙,わら,,1091,788,59,,川島商事,,
貼紙,里紙,柿,,1091,788,59,,川島商事,,
貼紙,里紙,ききょう,,1091,788,53,,川島商事,,
貼紙,里紙,枯葉,,1091,788,59,,川島商事,,
貼紙,里紙,あやめ,,1091,788,59,,川島商事,,
貼紙,里紙,紺,,1091,788,59,,川島商事,,
貼紙,里紙,松,,1091,788,59,,川島商事,,
貼紙,里紙,すすき,,1091,788,59,,川島商事,,
貼紙,里紙,水,,1091,788,65.5,,川島商事,,
貼紙,里紙,やなぎ,,1091,788,65.5,,川島商事,,
貼紙,里紙,竹,,1091,788,,100,川島商事,,
貼紙,ビオトープ,カカオビーンズ,,1091,788,47,,川島商事,,
貼紙,ビオトープ,マゼンランブルー,,1091,788,56,200,川島商事,,
貼紙,ビオトープ,フォレストグリーン,,1091,788,55,200,川島商事,,
貼紙,ビオトープ,マロン,,1091,788,61,,川島商事,,
貼紙,ビオトープGA, ダークブラウン,,,,61,200,川島商事,,
貼紙,ビオトープGA,ベリーレッド,,,,52,200,川島商事,,
貼紙,ビオトープGA,ミッドナイトブルー,,,,61,200,川島商事,,
貼紙,ビオトープGA,ナチュラルホワイト,,,,37,200,川島商事,,
貼紙,ビオトープGA,マゼランブルー,,,,84,200,川島商事,,
貼紙,レザック,つむぎ　みどり,,1091,788,105,,川島商事,,
貼紙,レザック,つむぎ　くろ,,1091,788,90,,川島商事,,
貼紙,レザック,布地　アカ,,1091,788,-,,川島商事,,
貼紙,レザック82　,ろうけつ　白,,1091,788,75,,川島商事,,
貼紙,レザック82,ろうけつ　あさぎ,,1091,788,90.5,,,,
貼紙,レザック,オリヒメ　コットン,,1091,788,59,,,,
貼紙,レザック,オリヒメ　ブラック,,,,70,,,,
貼紙,レザック66,グレー（廃色）,,,,83,200,川島商事,,
貼紙,レザック66,すみれ,,,,74,200,川島商事,,
貼紙,レザック66,紫,,,,83,200,川島商事,,
貼紙,レザック66,ピンク,,,,74,200,川島商事,,
貼紙,ディープマット,オリーブ,,1091,788,183,,岡本,,
貼紙,ディープマット,インディゴ,,1091,788,183,,岡本,,
貼紙,ディープマット,ストロー,,1091,788,168,,岡本,,
貼紙,ディープマット,アッシュ,,1091,788,154,,岡本,,
貼紙,ディープマット,インディゴ,,1091,788,264,,岡本,,
貼紙,ディープマット,ストロー,,1091,788,290,,岡本,,
貼紙,マーメイド,うすあおみどり,,,,124,,,,
貼紙,マーメイド,るり,,,,105,,岡本,,
貼紙,マーメイド,こい緑,,,,105,,岡本,,
貼紙,マーメイド,わらび,,,,,,岡本,,
貼紙,バッグナチュラル,,,,,90,,川島商事,ハトロン判,
貼紙,コニーラップ,黒,,1200,900,42(44),,岡本,,
貼紙,プライク,黒,,,,145,,岡本,,
貼紙,プライク,赤,,,,145,,岡本,,
貼紙,OKカイゼル,こげちゃ,,,,76,,,,
貼紙,OKカイゼル　,ぬのじ,,,,150,,,,
貼紙,OKカイゼル　,るり,,,,165,,,,
貼紙,OKカイゼル　,なのはな,,,,76,,,,
貼紙,OKミューズ　,バナナ,,,,88,,,,
貼紙,OKフロート　,ブラック,,,,88,,,,
貼紙,OKミューズ　,コットン,,,,145,,,,
貼紙,OKカイゼル　,こいねず,,,,79,,,,
貼紙,OKカイゼル　,バラ,,,,70,,,,
貼紙,OKミューズ,ガリバーアールCoC,,,,,,川島商事,,
貼紙,OKACカード,ましろ,,,,141,50,川島商事,,
貼紙,OKACカード,ましろ,,,,165,50,川島商事,,
貼紙,ニューズ,シルク,,,,126.5,100,川島商事,,
貼紙,ニューズ,シルク,,,,152,100,川島商事,,
貼紙,銀仙紙,こいみどり,,,,-,,,,
貼紙,銀仙紙,朱,,,,-,,,,
貼紙,銀仙紙,うすみどり,,,,-,,,,
貼紙,ファーストビンテージ,バラ,,,,-,,,,
貼紙,ファーストビンテージ,スカーレット,,,,62,,川島商事,,
貼紙,ファーストビンテージ,ターコイズ,,,,61,,川島商事,,
貼紙,ファーズトビンテージ,オリーブ,,,,61,,川島商事,,
貼紙,カラペ,ココア,,939,636,15,,川島商事,,
貼紙,ニューカラペ,ホワイト,,788,545,21,,川島商事,,
貼紙,NTラシャ,濃緑,,1091,788,101,100,川島商事,,
貼紙,NTラシャ,新橋,,1091,788,,100,川島商事,現品限り廃斤量,
貼紙,ハーフエア,コットン,,1091,788,57,200,川島商事,,
貼紙,ハーフエア,コットン,,1091,788,73,100,川島商事,,
貼紙,キクラシャ,濃緑,,939,636,58,200,川島商事,,
貼紙,キクラシャ,スノーホワイト,,939,636,48,200,川島商事,,
貼紙,エスボン,,,1091,788,,,川島商事,,
貼紙,キュリアスメタル,ゴールド,,1091,788,125,,岡本,,
貼紙,ハーレムブラック,,,1091,788,89,,川島商事,,
貼紙,クロスライク,SL 1412,,1090,790,303,100,川島商事,,
貼紙,ネオウーブン,NLD9,,,,,,川島商事,,
貼紙,エスプリ（白）,,,,,30,,岡本,,
貼紙,白ツヤ,,,,,42,,岡本,,
貼紙,サンレイド,純白,,1091,788,30,250,川島商事,,
貼紙,TS-1,S-3,,1091,788,74,100,川島商事,,
貼紙,TS-9,S-3,,1091,788,74,100,川島商事,,
貼紙,TS-9,N-9,,,,70,100,川島商事,,
貼紙,Jun Paper,No.12,,1091,788,36,250,川島商事,,
貼紙,Jun Paper,No.13,,1091,788,36,250,川島商事,,
貼紙,Jun Paper,No.17,,1091,788,43,250,川島商事,,
貼紙,Jun Paper,No.18,,1091,788,43,250,川島商事,,
貼紙,Jun Paper,No.31,,1091,788,40,250,川島商事,,
貼紙,Jun Paper,No.32,,1091,788,40,250,川島商事,,
貼紙,Jun Paper,No.33,,1091,788,40,250,川島商事,,
貼紙,Jun Paper,No.34,,1091,788,40,250,川島商事,,
貼紙,Jun Paper,No.35,,1091,788,40,250,川島商事,,
貼紙,Jun Paper,No.49,,1091,788,49,250,川島商事,,
貼紙,Jun Paper,No.50,,1091,788,49,250,川島商事,,
貼紙,Jun Paper,No.172,,1091,788,45,250,川島商事,,
貼紙,Jun Paper,No.173,,1091,788,45,250,川島商事,,
貼紙,ビルカラー,雪,,1091,788,75,200,川島商事,,
貼紙,ビルカラー,あい,,1091,788,,200,川島商事,,
貼紙,GAファイル,ホワイト,,1091,788,209,50,川島商事,（1〜24枚、25〜49枚）,
貼紙,マーメイド,ナチュラル,,1091,788,276,50,川島商事,（1〜24枚、25〜49枚）,
貼紙,マーメイド,オリーブ,,1091,788,159,100,川島商事,（1〜49枚、50〜99枚）,
貼紙,マーメイド,オリーブ,,1091,788,116,100,川島商事,（1〜49枚、50〜99枚）,
貼紙,タント,H-64,,1091,788,169,100,川島商事,（1〜49枚、50〜99枚）,
貼紙,タント,N-2,,1091,788,88,100,川島商事,（1〜49枚、50〜99枚）,
貼紙,タント,N-7,,1091,788,68,200,川島商事,,
貼紙,タント,B-5,,1091,788,68,200,川島商事,,
貼紙,タント,S-2,,1091,788,84,200,川島商事,,
貼紙,Tカラペ,ココア,,939,636,15,1000,川島商事,,
貼紙,tカラペ,シルバー,,939,636,15,1000,川島商事,端数は200枚単位,
貼紙,tカラペ,チャコール,,939,636,16,1000,川島商事,,
貼紙,越の紙,No.1000　(旧No.500) 特上奉書,,1091,788,177,200,川島商事,,
貼紙,きらびき,HG-110　白,,1091,788,138,200,川島商事,,
貼紙,きらびき,SR-90　白,,,,125,200,川島商事,,
貼紙,APOLLO,モノスター,,,,,,川島商事,,
貼紙,APOLLO,モノカラー,,,,,,川島商事,,
貼紙,APOLLO,ハイカーフ,,,,,,川島商事,,
貼紙,APOLLO,皮絞,,,,,,川島商事,,
貼紙,APOLLO,エクセル,,,,,,川島商事,,
貼紙,APOLLO,フェニックス,,,,,,川島商事,,
貼紙,民芸紙,No.241,,950,640,60,100,川島商事,,
貼紙,XDTトレーシング,,,,,52,250,,,
貼紙,コットンライフS,アイボリー,,,,86,100,川島商事,,
貼紙,新奉書風,きこうぞ,,,,46,200,岡本,,
貼紙,新奉書風,きこうぞ,,,,56,200,岡本,,
貼紙,新奉書風,きこうぞ,,,,65,200,岡本,,
貼紙,新奉書風,きこうぞ,,,,77,200,岡本,,
貼紙,NTラシャ,朱,,,,165,100,川島商事,,
貼紙,NTラシャ,空,,,,137,100,川島商事,,
貼紙,NTラシャ,黄緑,,,,153,100,川島商事,,
貼紙,しらみね,No.14,,,,85,250,岡本,,
貼紙,しらみね,No.1058,,,,54,250,岡本,,
貼紙,しらみね,No.1212,,,,54,250,岡本,,
貼紙,しらみね,No.1206,,,,54,250,岡本,,
貼紙,新バフン紙,とりのこ,,,,75.5,200,川島商事,,
貼紙,ディープマット,オリーブ,,,,81.5,200,川島商事,,
貼紙,五感紙,ローズ　荒目,,,,87.5,100,川島商事,,
貼紙,ジャンフェルト,ぶどう,,,,114,200,川島商事,,
貼紙,ユニテックGA,セピア,,,,79,200,川島商事,,
貼紙,タスクレス EN, ホワイト,,1091,788,,100,川島商事,運賃別途　1500円,
貼紙,プリマ,,,,,73,200,川島商事,,
貼紙,プリマ,,,,,100,200,川島商事,,
貼紙,あららぎ,秋桜,,,,52,200,川島商事,,
貼紙,あららぎ　,,,,,,,川島商事,,
貼紙,あららぎ　,,,,,,,川島商事,,
貼紙,あららぎ　,,,,,,,川島商事,,
貼紙,てまり,朱,,1091,788,168,200,川島商事,,
貼紙,てまり,銀・白,,1091,788,168,200,川島商事,,
貼紙,てまり,朱,,1091,788,,,川島商事,,
貼紙,てまり,銀・白,,1091,788,,,川島商事,,
貼紙,コート紙,,,939,636,7.9,500,ペーパル,,
貼紙,モフル,ピスタチオ,,1091,788,55,200,川島商事,,
貼紙,岩はだ,黒,,1091,788,,,川島商事,,
貼紙,グラシン,,,,,88,,,,
貼紙,タイベック,1056-D,,1000,914,175,200,川島商事,163円（1000枚〜）,
貼紙,タイベック,1073-D,,1000,914,226,200,川島商事,211円（1000枚〜）,
貼紙,タイベック,1082-D,,1067,1000,339,200,川島商事,317円（1000枚〜）,
貼紙,ジャガードGA,あい,,1091,788,,,川島商事,,
貼紙,ジャガードGA,濃鼡,,1091,788,,,川島商事,,
貼紙,ストーンペーパー RPD,,100μ,939,636,28.4,500,川島商事,,
貼紙,ストーンペーパー RPD,,200μ,939,636,56.8,250,川島商事,,
貼紙,ユポ FGS,,,1091,788,,,川島商事,,
貼紙,雲流,レーヨン,,920,620,42,,岡本,,
貼紙,ミルトGAスピリット,スーパーホワイト,,1091,788,41,200,川島商事,,
貼紙,江戸小染,うろこ　白,,1091,788,72,,川島商事,,
貼紙,江戸小染,はな　草,,1091,788,72,,川島商事,,
貼紙,テーラー,白,,1091,788,,200,川島商事,,
貼紙,ハイマッキンレー,白　菊,,939,636,18.75,200,川島商事,,
貼紙,ハイマッキンレー,白　四六,,1091,788,27,200,川島商事,,
貼紙,ゴールデンリバー,レッド,,,,74,,川島商事,,
貼紙,ゴールデンリバー,ダークブルー,,,,77,,川島商事,,
貼紙,ゴールデンリバー,ワイン,,,,80,,川島商事,,
貼紙,Magカラー,ストーングレー,,1091,788,62.5,200,川島商事,,